{
  "problem": "cvrp_20_multi_depot",
  "solver": "NN+2opt",
  "instance": 0,
  "routes": [
    [
      0,
      1,
      17,
      8,
      15,
      4,
      3,
      14,
      5,
      16,
      13,
      12,
      7,
      10,
      9,
      11,
      19,
      18,
      20,
      2,
      6,
      0
    ]
  ],
  "locations": [
    [
      512,
      449
    ],
    [
      550,
      459
    ],
    [
      239,
      824
    ],
    [
      643,
      534
    ],
    [
      648,
      434
    ],
    [
      932,
      598
    ],
    [
      431,
      938
    ],
    [
      420,
      265
    ],
    [
      594,
      361
    ],
    [
      229,
      236
    ],
    [
      387,
      169
    ],
    [
      397,
      496
    ],
    [
      447,
      290
    ],
    [
      566,
      171
    ],
    [
      826,
      594
    ],
    [
      649,
      374
    ],
    [
      832,
      271
    ],
    [
      550,
      424
    ],
    [
      465,
      440
    ],
    [
      388,
      528
    ],
    [
      51,
      576
    ]
  ],
  "depots": [
    0
  ],
  "customers": [
    1,
    2,
    3,
    4,
    5,
    6,
    7,
    8,
    9,
    10,
    11,
    12,
    13,
    14,
    15,
    16,
    17,
    18,
    19,
    20
  ],
  "metrics": {
    "total_cost": 3698.8029082223784,
    "cvr": 0.0,
    "feasibility": 1.0,
    "runtime": 0.0028498172760009766,
    "robustness": 0.16104209191806176
  }
}