{
  "problem": "cvrp_10_single_depot_single_vehicule_sumDemands",
  "solver": "OR-Tools",
  "instance": 1,
  "routes": [
    [
      0,
      9,
      10,
      8,
      6,
      7,
      3,
      5,
      1,
      4,
      2,
      0
    ]
  ],
  "locations": [
    [
      418,
      543
    ],
    [
      38,
      332
    ],
    [
      336,
      537
    ],
    [
      365,
      760
    ],
    [
      278,
      450
    ],
    [
      265,
      573
    ],
    [
      711,
      589
    ],
    [
      489,
      962
    ],
    [
      801,
      422
    ],
    [
      413,
      506
    ],
    [
      485,
      296
    ]
  ],
  "depots": [
    0
  ],
  "customers": [
    1,
    2,
    3,
    4,
    5,
    6,
    7,
    8,
    9,
    10
  ],
  "metrics": {
    "total_cost": 2459.0354881349863,
    "cvr": 0.0,
    "feasibility": 1.0,
    "runtime": 1.006530523300171,
    "robustness": 0.10739568017144874
  }
}