{
  "problem": "cvrp_20_multi_depot",
  "solver": "Tabu Search",
  "instance": 1,
  "routes": [
    [
      0,
      2,
      15,
      5,
      7,
      1,
      12,
      14,
      13,
      11,
      4,
      19,
      6,
      18,
      17,
      8,
      9,
      16,
      20,
      10,
      3,
      0
    ]
  ],
  "locations": [
    [
      503,
      537
    ],
    [
      657,
      769
    ],
    [
      607,
      556
    ],
    [
      806,
      160
    ],
    [
      526,
      401
    ],
    [
      612,
      629
    ],
    [
      336,
      623
    ],
    [
      600,
      667
    ],
    [
      247,
      886
    ],
    [
      421,
      903
    ],
    [
      252,
      0
    ],
    [
      540,
      425
    ],
    [
      669,
      856
    ],
    [
      666,
      390
    ],
    [
      860,
      748
    ],
    [
      616,
      605
    ],
    [
      302,
      272
    ],
    [
      218,
      630
    ],
    [
      326,
      634
    ],
    [
      410,
      439
    ],
    [
      397,
      146
    ]
  ],
  "depots": [
    0
  ],
  "customers": [
    1,
    2,
    3,
    4,
    5,
    6,
    7,
    8,
    9,
    10,
    11,
    12,
    13,
    14,
    15,
    16,
    17,
    18,
    19,
    20
  ],
  "metrics": {
    "total_cost": 4153.572044605936,
    "cvr": 0.0,
    "feasibility": 1.0,
    "runtime": 0.02233147621154785,
    "robustness": 0.04612869311644732
  }
}