{
  "problem": "cvrp_10_single_depot_single_vehicule_sumDemands",
  "solver": "NN+2opt",
  "instance": 0,
  "routes": [
    [
      0,
      9,
      4,
      1,
      7,
      10,
      5,
      6,
      8,
      3,
      2,
      0
    ]
  ],
  "locations": [
    [
      379,
      505
    ],
    [
      385,
      342
    ],
    [
      159,
      229
    ],
    [
      229,
      596
    ],
    [
      274,
      428
    ],
    [
      685,
      778
    ],
    [
      320,
      846
    ],
    [
      562,
      234
    ],
    [
      153,
      666
    ],
    [
      306,
      433
    ],
    [
      717,
      501
    ]
  ],
  "depots": [
    0
  ],
  "customers": [
    1,
    2,
    3,
    4,
    5,
    6,
    7,
    8,
    9,
    10
  ],
  "metrics": {
    "total_cost": 2518.4107352692204,
    "cvr": 0.0,
    "feasibility": 1.0,
    "runtime": 0.010249137878417969,
    "robustness": 0.08724324843972993
  }
}