{
  "problem": "cvrp_10_single_depot_single_vehicule_sumDemands",
  "solver": "ACO",
  "instance": 1,
  "routes": [
    [
      0,
      9,
      2,
      5,
      4,
      1,
      10,
      8,
      6,
      7,
      3,
      0
    ]
  ],
  "locations": [
    [
      418,
      543
    ],
    [
      38,
      332
    ],
    [
      336,
      537
    ],
    [
      365,
      760
    ],
    [
      278,
      450
    ],
    [
      265,
      573
    ],
    [
      711,
      589
    ],
    [
      489,
      962
    ],
    [
      801,
      422
    ],
    [
      413,
      506
    ],
    [
      485,
      296
    ]
  ],
  "depots": [
    0
  ],
  "customers": [
    1,
    2,
    3,
    4,
    5,
    6,
    7,
    8,
    9,
    10
  ],
  "metrics": {
    "total_cost": 2465.1862650118715,
    "cvr": 0.0,
    "feasibility": 1.0,
    "runtime": 0.012608766555786133,
    "robustness": 0.1750222767735993
  }
}