{
  "problem": "twvrp_20_single_depot",
  "solver": "NN+2opt",
  "instance": 0,
  "routes": [
    [
      0,
      15,
      10,
      20,
      0
    ],
    [
      0,
      19,
      8,
      7,
      0
    ],
    [
      0,
      18,
      17,
      14,
      0
    ],
    [
      0,
      2,
      12,
      5,
      0
    ],
    [
      0,
      9,
      6,
      13,
      0
    ],
    [
      0,
      16,
      3,
      0
    ],
    [
      0,
      1,
      0
    ],
    [
      0,
      4,
      0
    ],
    [
      0,
      11,
      0
    ]
  ],
  "locations": [
    [
      479,
      465
    ],
    [
      0,
      533
    ],
    [
      647,
      494
    ],
    [
      717,
      328
    ],
    [
      173,
      523
    ],
    [
      525,
      699
    ],
    [
      596,
      239
    ],
    [
      560,
      179
    ],
    [
      556,
      352
    ],
    [
      609,
      331
    ],
    [
      428,
      570
    ],
    [
      442,
      829
    ],
    [
      625,
      566
    ],
    [
      896,
      0
    ],
    [
      458,
      933
    ],
    [
      416,
      511
    ],
    [
      573,
      213
    ],
    [
      248,
      482
    ],
    [
      372,
      551
    ],
    [
      567,
      385
    ],
    [
      165,
      575
    ]
  ],
  "depots": [
    0
  ],
  "customers": [
    1,
    2,
    3,
    4,
    5,
    6,
    7,
    8,
    9,
    10,
    11,
    12,
    13,
    14,
    15,
    16,
    17,
    18,
    19,
    20
  ],
  "metrics": {
    "total_cost": 7595.140593607786,
    "cvr": 0.0,
    "feasibility": 1.0,
    "runtime": 0.0034236907958984375,
    "robustness": 0.11891636502712452
  }
}