{
  "problem": "twvrp_10_depots_equal_city",
  "solver": "Tabu Search",
  "instance": 0,
  "routes": [
    [
      0,
      9,
      2,
      4,
      0
    ],
    [
      0,
      5,
      8,
      0
    ],
    [
      0,
      10,
      6,
      0
    ],
    [
      0,
      7,
      0
    ],
    [
      0,
      3,
      0
    ],
    [
      0,
      1,
      0
    ]
  ],
  "locations": [
    [
      556,
      470
    ],
    [
      711,
      618
    ],
    [
      550,
      675
    ],
    [
      860,
      600
    ],
    [
      700,
      524
    ],
    [
      546,
      262
    ],
    [
      311,
      137
    ],
    [
      311,
      808
    ],
    [
      457,
      226
    ],
    [
      494,
      546
    ],
    [
      615,
      305
    ]
  ],
  "depots": [
    0
  ],
  "customers": [
    1,
    2,
    3,
    4,
    5,
    6,
    7,
    8,
    9,
    10
  ],
  "metrics": {
    "total_cost": 4035.7021428385174,
    "cvr": 0.0,
    "feasibility": 1.0,
    "runtime": 0.13231563568115234,
    "robustness": 0.04152497755700881
  }
}