{
  "problem": "twvrp_20_single_depot",
  "solver": "ACO",
  "instance": 1,
  "routes": [
    [
      0,
      9,
      3,
      12,
      0
    ],
    [
      0,
      18,
      0
    ],
    [
      0,
      14,
      11,
      5,
      0
    ],
    [
      0,
      17,
      20,
      0
    ],
    [
      0,
      10,
      0
    ],
    [
      0,
      15,
      2,
      19,
      8,
      0
    ],
    [
      0,
      7,
      0
    ],
    [
      0,
      16,
      6,
      0
    ],
    [
      0,
      13,
      0
    ],
    [
      0,
      1,
      0
    ],
    [
      0,
      4,
      0
    ]
  ],
  "locations": [
    [
      479,
      465
    ],
    [
      0,
      533
    ],
    [
      647,
      494
    ],
    [
      717,
      328
    ],
    [
      173,
      523
    ],
    [
      525,
      699
    ],
    [
      596,
      239
    ],
    [
      560,
      179
    ],
    [
      556,
      352
    ],
    [
      609,
      331
    ],
    [
      428,
      570
    ],
    [
      442,
      829
    ],
    [
      625,
      566
    ],
    [
      896,
      0
    ],
    [
      458,
      933
    ],
    [
      416,
      511
    ],
    [
      573,
      213
    ],
    [
      248,
      482
    ],
    [
      372,
      551
    ],
    [
      567,
      385
    ],
    [
      165,
      575
    ]
  ],
  "depots": [
    0
  ],
  "customers": [
    1,
    2,
    3,
    4,
    5,
    6,
    7,
    8,
    9,
    10,
    11,
    12,
    13,
    14,
    15,
    16,
    17,
    18,
    19,
    20
  ],
  "metrics": {
    "total_cost": 7503.120166396259,
    "cvr": 0.0,
    "feasibility": 1.0,
    "runtime": 0.033164262771606445,
    "robustness": 0.13798182546809312
  }
}