{
  "problem": "twvrp_10_depots_equal_city",
  "solver": "NN+2opt",
  "instance": 1,
  "routes": [
    [
      0,
      9,
      1,
      0
    ],
    [
      0,
      4,
      5,
      0
    ],
    [
      0,
      10,
      3,
      0
    ],
    [
      0,
      2,
      0
    ],
    [
      0,
      6,
      0
    ],
    [
      0,
      7,
      0
    ],
    [
      0,
      8,
      0
    ]
  ],
  "locations": [
    [
      556,
      470
    ],
    [
      711,
      618
    ],
    [
      550,
      675
    ],
    [
      860,
      600
    ],
    [
      700,
      524
    ],
    [
      546,
      262
    ],
    [
      311,
      137
    ],
    [
      311,
      808
    ],
    [
      457,
      226
    ],
    [
      494,
      546
    ],
    [
      615,
      305
    ]
  ],
  "depots": [
    0
  ],
  "customers": [
    1,
    2,
    3,
    4,
    5,
    6,
    7,
    8,
    9,
    10
  ],
  "metrics": {
    "total_cost": 4696.978704273101,
    "cvr": 10.0,
    "feasibility": 0.9,
    "runtime": 0.0020036697387695312,
    "robustness": 0.057348080910035855
  }
}